model_risk_proba,model_risk_tier,ClinicalSignificance,ReviewStatus,years_since_review,NumberSubmitters_num,conflicting,GeneSymbol,VariationID,RCVaccession,Name,LastEvaluated
0.9696620346784176,Critical,Affects,no assertion criteria provided,61.01300479123888,1,False,PKLR,1512,RCV000001576,NM_000298.6(PKLR):c.110G>A (p.Gly37Glu),"Jan 01, 1965"
0.9696620346784176,Critical,Affects,no assertion criteria provided,61.01300479123888,1,False,PKLR,1512,RCV000001576,NM_000298.6(PKLR):c.110G>A (p.Gly37Glu),"Jan 01, 1965"
0.9646908883471864,Critical,Pathogenic; other,no assertion criteria provided,55.2662559890486,1,False,HBB,15304,RCV000016540|RCV004558263,"HBB, HBB/HBD FUSION","Oct 01, 1970"
0.9632458860035508,Critical,other,no assertion criteria provided,52.54209445585216,1,False,HBB,15148,RCV000016311,NM_000518.5(HBB):c.49G>C (p.Gly17Arg),"Jun 22, 1973"
0.9632458860035508,Critical,other,no assertion criteria provided,52.54209445585216,1,False,HBB,15148,RCV000016311,NM_000518.5(HBB):c.49G>C (p.Gly17Arg),"Jun 22, 1973"
0.9615894905229966,Critical,other,no assertion criteria provided,51.58384668035592,1,False,HBB,15253,RCV000016461,NM_000518.5(HBB):c.54_59del (p.Lys18_Val19del),"Jun 07, 1974"
0.9615894905229966,Critical,other,no assertion criteria provided,51.58384668035592,1,False,HBB,15253,RCV000016461,NM_000518.5(HBB):c.54_59del (p.Lys18_Val19del),"Jun 07, 1974"
0.9587220238155604,Critical,other,no assertion criteria provided,50.01505817932922,1,False,HBB,15356,RCV000016605|RCV000016606,NM_000518.4(HBB):c.320T>C (p.Leu107Pro),"Jan 01, 1976"
0.9587220238155604,Critical,other,no assertion criteria provided,50.01505817932922,1,False,HBB,15356,RCV000016605|RCV000016606,NM_000518.4(HBB):c.320T>C (p.Leu107Pro),"Jan 01, 1976"
0.9530036080249374,Critical,Pathogenic,no assertion criteria provided,55.51813826146475,1,False,HOXA13,14889,RCV000016018,NM_000522.5(HOXA13):c.1107G>A (p.Trp369Ter),"Jul 01, 1970"
0.9530036080249374,Critical,Pathogenic,no assertion criteria provided,55.51813826146475,1,False,HOXA13,14889,RCV000016018,NM_000522.5(HOXA13):c.1107G>A (p.Trp369Ter),"Jul 01, 1970"
0.9492972036492406,Critical,other,no assertion criteria provided,45.50581793292265,1,False,HBB,15145,RCV000016308,NM_000518.5(HBB):c.436_437insCT (p.Tyr146fs),"Jul 05, 1980"
0.9492972036492406,Critical,other,no assertion criteria provided,45.50581793292265,1,False,HBB,15145,RCV000016308,NM_000518.5(HBB):c.436_437insCT (p.Tyr146fs),"Jul 05, 1980"
0.9481513644140268,Critical,other,no assertion criteria provided,45.01300479123888,1,False,HBA1,15814,RCV000017156,NM_000558.5(HBA1):c.82G>A (p.Glu28Lys),"Jan 01, 1981"
0.9481513644140268,Critical,other,no assertion criteria provided,45.01300479123888,1,False,HBA1,15814,RCV000017156,NM_000558.5(HBA1):c.82G>A (p.Glu28Lys),"Jan 01, 1981"
0.9432489244743336,Critical,other,no assertion criteria provided,43.01437371663244,1,False,HBB,15314,RCV000016554,NM_000518.5(HBB):c.236T>G (p.Leu79Arg),"Jan 01, 1983"
0.9432489244743336,Critical,other,no assertion criteria provided,43.01437371663244,1,False,HBB,15314,RCV000016554,NM_000518.5(HBB):c.236T>G (p.Leu79Arg),"Jan 01, 1983"
0.9430313741548244,Critical,other,no assertion criteria provided,42.92950034223135,1,False,HBB,15384,RCV000016636,NM_000518.5(HBB):c.226_228del (p.Leu76del),"Feb 01, 1983"
0.9430313741548244,Critical,other,no assertion criteria provided,42.92950034223135,1,False,HBB,15384,RCV000016636,NM_000518.5(HBB):c.226_228del (p.Leu76del),"Feb 01, 1983"
0.9410814263706214,Critical,other,no assertion criteria provided,42.182067077344286,1,False,HBA1,15737,RCV000017038|RCV000017039,"HBA1, 3AA INS, 118THR-GLU-PHE119","Nov 01, 1983"
0.9406372500759644,Critical,other,no assertion criteria provided,42.01505817932922,1,False,HBA1,15763,RCV000017074,NM_000558.5(HBA1):c.59C>A (p.Ala20Glu),"Jan 01, 1984"
0.9406372500759644,Critical,other,no assertion criteria provided,42.01505817932922,1,False,HBA1,15763,RCV000017074,NM_000558.5(HBA1):c.59C>A (p.Ala20Glu),"Jan 01, 1984"
0.9401310405743816,Critical,other,no assertion criteria provided,41.82614647501711,1,False,HBA1,15790,RCV000017121|RCV000017122|RCV000017123|RCV000017124,NM_000558.5(HBA1):c.173G>A (p.Gly58Asp),"Mar 10, 1984"
0.9401310405743816,Critical,other,no assertion criteria provided,41.82614647501711,1,False,HBA1,15790,RCV000017121|RCV000017122|RCV000017123|RCV000017124,NM_000558.5(HBA1):c.173G>A (p.Gly58Asp),"Mar 10, 1984"
0.937905677136435,Critical,other,no assertion criteria provided,41.01300479123888,1,False,HBG1,15011,RCV000016151,NM_000559.2(HBG1):c.238G>A (p.Asp80Asn),"Jan 01, 1985"
0.937905677136435,Critical,other,no assertion criteria provided,41.01300479123888,1,False,HBG1,15011,RCV000016151,NM_000559.2(HBG1):c.238G>A (p.Asp80Asn),"Jan 01, 1985"
0.9353097478230568,Critical,Pathogenic,no assertion criteria provided,48.440793976728266,1,False,CA1,17606,RCV000019172,NM_001128831.4(CA1):c.740G>A (p.Arg247His),"Jul 29, 1977"
0.9353097478230568,Critical,Pathogenic,no assertion criteria provided,48.440793976728266,1,False,CA1,17606,RCV000019172,NM_001128831.4(CA1):c.740G>A (p.Arg247His),"Jul 29, 1977"
0.9333600584406992,Critical,other,no assertion criteria provided,39.43326488706366,1,False,HBA1,15767,RCV000017078,NM_000558.5(HBA1):c.16G>C (p.Ala6Pro),"Aug 01, 1986"
0.9333600584406992,Critical,other,no assertion criteria provided,39.43326488706366,1,False,HBA1,15767,RCV000017078,NM_000558.5(HBA1):c.16G>C (p.Ala6Pro),"Aug 01, 1986"
0.9290178773958302,Critical,other,no assertion criteria provided,38.01505817932922,1,False,HBA1,15721,RCV000017015,NM_000558.3(HBA1):c.227A>C (p.Asp76Ala),"Jan 01, 1988"
0.9290178773958302,Critical,other,no assertion criteria provided,38.01505817932922,1,False,HBA1,15721,RCV000017015,NM_000558.3(HBA1):c.227A>C (p.Asp76Ala),"Jan 01, 1988"
0.92624075621463,Critical,Pathogenic,no assertion criteria provided,45.492128678986994,1,False,PGK1,9942,RCV000010620,NM_000291.4(PGK1):c.802G>A (p.Asp268Asn),"Jul 10, 1980"
0.92624075621463,Critical,Pathogenic,no assertion criteria provided,45.492128678986994,1,False,PGK1,9942,RCV000010620,NM_000291.4(PGK1):c.802G>A (p.Asp268Asn),"Jul 10, 1980"
0.9257655119850876,Critical,Pathogenic,no assertion criteria provided,45.347022587269,1,False,PGK1,9943,RCV000010621,NM_000291.4(PGK1):c.617G>C (p.Arg206Pro),"Sep 01, 1980"
0.9257655119850876,Critical,Pathogenic,no assertion criteria provided,45.347022587269,1,False,PGK1,9943,RCV000010621,NM_000291.4(PGK1):c.617G>C (p.Arg206Pro),"Sep 01, 1980"
0.924980629519586,Critical,other,no assertion criteria provided,36.766598220396986,1,False,SERPINA1,17978,RCV000019583,NM_001127701.1(SERPINA1):c.1131A>T (p.Leu377Phe),"Apr 01, 1989"
0.924980629519586,Critical,other,no assertion criteria provided,36.766598220396986,1,False,SERPINA1,17978,RCV000019583,NM_001127701.1(SERPINA1):c.1131A>T (p.Leu377Phe),"Apr 01, 1989"
0.9246608331793666,Critical,Pathogenic,no assertion criteria provided,45.01300479123888,1,False,CA1,17605,RCV000019171,NM_001128831.4(CA1):c.760G>C (p.Gly254Arg),"Jan 01, 1981"
0.9246608331793666,Critical,Pathogenic,no assertion criteria provided,45.01300479123888,1,False,CA1,17605,RCV000019171,NM_001128831.4(CA1):c.760G>C (p.Gly254Arg),"Jan 01, 1981"
0.9238362491828656,Critical,Pathogenic,no assertion criteria provided,44.766598220396986,1,False,PGK1,9944,RCV000010622,NM_000291.4(PGK1):c.796_798delinsATG (p.Val266Met),"Apr 01, 1981"
0.9238362491828656,Critical,Pathogenic,no assertion criteria provided,44.766598220396986,1,False,PGK1,9944,RCV000010622,NM_000291.4(PGK1):c.796_798delinsATG (p.Val266Met),"Apr 01, 1981"
0.9235595525712746,Critical,Pathogenic,no assertion criteria provided,44.68446269678302,1,False,BCHE,13222,RCV000014126,BCHE Newfoundland,"May 01, 1981"
0.9230140685302968,Critical,other,no assertion criteria provided,36.18069815195072,1,False,SERPINA1,17973,RCV000019573,PI NULL(HONG KONG 2),"Nov 01, 1989"
0.9217478864949804,Critical,Pathogenic,no assertion criteria provided,44.1533196440794,1,False,MT-RNR2,9627,RCV000010253,m.2939C>A,"Nov 11, 1981"
0.9217478864949804,Critical,Pathogenic,no assertion criteria provided,44.1533196440794,1,False,MT-RNR2,9627,RCV000010253,m.2939C>A,"Nov 11, 1981"
0.9217478864949804,Critical,Pathogenic,no assertion criteria provided,44.1533196440794,1,False,MT-RNR2,9626,RCV000010252,m.2991T>C,"Nov 11, 1981"
0.9217478864949804,Critical,Pathogenic,no assertion criteria provided,44.1533196440794,1,False,MT-RNR2,9626,RCV000010252,m.2991T>C,"Nov 11, 1981"
0.9186344509352328,Critical,Pathogenic,no assertion criteria provided,43.2662559890486,1,False,CA2,914,RCV000000962,NM_000067.3(CA2):c.52A>G (p.Lys18Glu),"Oct 01, 1982"
0.9186344509352328,Critical,Pathogenic,no assertion criteria provided,43.2662559890486,1,False,CA2,914,RCV000000962,NM_000067.3(CA2):c.52A>G (p.Lys18Glu),"Oct 01, 1982"
0.9177300169985868,Critical,Pathogenic,no assertion criteria provided,43.01437371663244,1,False,CA2,915,RCV000000963,NM_000067.3(CA2):c.707C>A (p.Pro236His),"Jan 01, 1983"
0.9177300169985868,Critical,Pathogenic,no assertion criteria provided,43.01437371663244,1,False,CA2,915,RCV000000963,NM_000067.3(CA2):c.707C>A (p.Pro236His),"Jan 01, 1983"
0.9167765107500766,Critical,Pathogenic,no assertion criteria provided,42.75154004106776,1,False,INS,13377,RCV000014306,NM_000207.3(INS):c.147C>G (p.Phe49Leu),"Apr 07, 1983"
0.9167765107500766,Critical,Pathogenic,no assertion criteria provided,42.75154004106776,1,False,INS,13377,RCV000014306,NM_000207.3(INS):c.147C>G (p.Phe49Leu),"Apr 07, 1983"
0.9146760373630238,Critical,Pathogenic,no assertion criteria provided,42.182067077344286,1,False,SERPINC1,18005,RCV000019621,AT-III Roma,"Nov 01, 1983"
0.914050976347748,Critical,Pathogenic,no assertion criteria provided,42.01505817932922,1,False,TTR,13437,RCV000014379,NM_000371.4(TTR):c.133G>A (p.Ala45Thr),"Jan 01, 1984"
0.914050976347748,Critical,Pathogenic,no assertion criteria provided,42.01505817932922,1,False,TTR,13437,RCV000014379,NM_000371.4(TTR):c.133G>A (p.Ala45Thr),"Jan 01, 1984"
0.9127988132396858,Critical,Pathogenic,no assertion criteria provided,41.68377823408624,1,False,TF,12614,RCV000013448,NM_001063.4(TF):c.830G>A (p.Gly277Asp),"May 01, 1984"
0.9127988132396858,Critical,Pathogenic,no assertion criteria provided,41.68377823408624,1,False,TF,12614,RCV000013448,NM_001063.4(TF):c.830G>A (p.Gly277Asp),"May 01, 1984"
0.9118252168770108,Critical,Pathogenic,no assertion criteria provided,41.42915811088296,1,False,HPRT1,10066,RCV000010769,"HPRT, EX4-9DEL","Aug 02, 1984"
0.9115829250608756,Critical,Pathogenic,no assertion criteria provided,41.36618754277892,1,False,APOA1,17913,RCV000019502,NM_000039.3(APOA1):c.478G>A (p.Glu160Lys),"Aug 25, 1984"
0.9115829250608756,Critical,Pathogenic,no assertion criteria provided,41.36618754277892,1,False,APOA1,17913,RCV000019502,NM_000039.3(APOA1):c.478G>A (p.Glu160Lys),"Aug 25, 1984"
0.910767393382826,Critical,Pathogenic,no assertion criteria provided,41.15537303216975,1,False,COL1A2,17236,RCV000018776,NM_000089.4(COL1A2):c.4001_4004del (p.Asn1334fs),"Nov 10, 1984"
0.910767393382826,Critical,Pathogenic,no assertion criteria provided,41.15537303216975,1,False,COL1A2,17236,RCV000018776,NM_000089.4(COL1A2):c.4001_4004del (p.Asn1334fs),"Nov 10, 1984"
0.9105438009078184,Critical,Pathogenic,no assertion criteria provided,41.097878165639976,1,False,HBG2,14982,RCV001814960,NC_000011.10:g.5254983G>C,"Dec 01, 1984"
0.9105438009078184,Critical,Pathogenic,no assertion criteria provided,41.097878165639976,1,False,HBG2,14982,RCV001814960,NC_000011.10:g.5254983G>C,"Dec 01, 1984"
0.909478464083315,Critical,association,no assertion criteria provided,34.76796714579056,1,False,SERPINA7,9787,RCV000010446,NM_000354.5(SERPINA7):c.1051C>T (p.His351Tyr),"Apr 01, 1991"
0.909478464083315,Critical,association,no assertion criteria provided,34.76796714579056,1,False,SERPINA7,9787,RCV000010446,NM_000354.5(SERPINA7):c.1051C>T (p.His351Tyr),"Apr 01, 1991"
0.9089861175192596,Critical,Pathogenic,no assertion criteria provided,40.70088980150582,1,False,F8,10132,RCV000010845,"F8, EX23-25DEL","Apr 25, 1985"
0.9088191226770508,Critical,association,no assertion criteria provided,34.600958247775495,1,False,SERPINA7,9788,RCV000010449,NM_000354.5(SERPINA7):c.397G>C (p.Ala133Pro),"Jun 01, 1991"
0.9088191226770508,Critical,association,no assertion criteria provided,34.600958247775495,1,False,SERPINA7,9788,RCV000010449,NM_000354.5(SERPINA7):c.397G>C (p.Ala133Pro),"Jun 01, 1991"
0.9085847490735258,Critical,Pathogenic,no assertion criteria provided,40.59958932238193,1,False,HBB,15208,RCV000016395,NM_000518.5(HBB):c.279C>R (p.His93Gln),"Jun 01, 1985"
0.9085847490735258,Critical,Pathogenic,no assertion criteria provided,40.59958932238193,1,False,HBB,15208,RCV000016395,NM_000518.5(HBB):c.279C>R (p.His93Gln),"Jun 01, 1985"
0.9083562378054484,Critical,Pathogenic,no assertion criteria provided,40.54209445585216,1,False,F8,10117,RCV000010830,"F8, EX11-18DEL","Jun 22, 1985"
0.9082047041353885,Critical,Pathogenic; other,no assertion criteria provided,34.01505817932922,1,False,HBA1,15844,RCV000017189|RCV000641239,NC_000016.10:g.173151A>T,"Jan 01, 1992"
0.9082047041353885,Critical,Pathogenic; other,no assertion criteria provided,34.01505817932922,1,False,HBA1,15844,RCV000017189|RCV000641239,NC_000016.10:g.173151A>T,"Jan 01, 1992"
0.9077662776329684,Critical,Pathogenic,no assertion criteria provided,40.39425051334703,1,False,F9,10597,RCV000011343,NM_000133.4(F9):c.723+1G>T,"Aug 15, 1985"
0.9077662776329684,Critical,Pathogenic,no assertion criteria provided,40.39425051334703,1,False,F9,10597,RCV000011343,NM_000133.4(F9):c.723+1G>T,"Aug 15, 1985"
0.9074260571400063,Critical,Pathogenic,no assertion criteria provided,40.309377138945926,1,False,COL1A2,17232,RCV000018772,"COL1A2, EX6DEL","Sep 15, 1985"
0.9069853979945056,Critical,Pathogenic,no assertion criteria provided,40.19986310746064,1,False,IGKC,29758,RCV000022621,NC_000002.12:g.88857564A>G,"Oct 25, 1985"
0.9069853979945056,Critical,Pathogenic,no assertion criteria provided,40.19986310746064,1,False,IGKC,29759,RCV000022622,NC_000002.12:g.88857564A>C,"Oct 25, 1985"
0.9069853979945056,Critical,Pathogenic,no assertion criteria provided,40.19986310746064,1,False,IGKC,29759,RCV000022622,NC_000002.12:g.88857564A>C,"Oct 25, 1985"
0.9069853979945056,Critical,Pathogenic,no assertion criteria provided,40.19986310746064,1,False,IGKC,29758,RCV000022621,NC_000002.12:g.88857564A>G,"Oct 25, 1985"
0.9062319561139768,Critical,Pathogenic,no assertion criteria provided,40.01368925393566,1,False,SERPINC1,18006,RCV000019622,AT-III Trento,"Jan 01, 1986"
0.9058039339071008,Critical,association,no assertion criteria provided,33.8507871321013,1,False,SERPINA7,9789,RCV000010452,NM_000354.6(SERPINA7):c.555del (p.Val186fs),"Mar 01, 1992"
0.9058039339071008,Critical,association,no assertion criteria provided,33.8507871321013,1,False,SERPINA7,9789,RCV000010452,NM_000354.6(SERPINA7):c.555del (p.Val186fs),"Mar 01, 1992"
0.9058039339071008,Critical,association,no assertion criteria provided,33.8507871321013,1,False,SERPINA7,9783,RCV000010437,NM_000354.6(SERPINA7):c.740T>C (p.Leu247Pro),"Mar 01, 1992"
0.9058039339071008,Critical,association,no assertion criteria provided,33.8507871321013,1,False,SERPINA7,9783,RCV000010437,NM_000354.6(SERPINA7):c.740T>C (p.Leu247Pro),"Mar 01, 1992"
0.9053609801114616,Critical,Pathogenic,no assertion criteria provided,39.80013689253936,1,False,CYB5A,230,RCV000000254,NM_148923.4(CYB5A):c.130-2A>G,"Mar 20, 1986"
0.9053609801114616,Critical,Pathogenic,no assertion criteria provided,39.80013689253936,1,False,CYB5A,230,RCV000000254,NM_148923.4(CYB5A):c.130-2A>G,"Mar 20, 1986"
0.9052263425336312,Critical,Pathogenic,no assertion criteria provided,39.76728268309377,1,False,APOA1,17911,RCV000019500,NM_000039.3(APOA1):c.391A>T (p.Lys131Ter),"Apr 01, 1986"
0.9052263425336312,Critical,Pathogenic,no assertion criteria provided,39.76728268309377,1,False,APOA1,17911,RCV000019500,NM_000039.3(APOA1):c.391A>T (p.Lys131Ter),"Apr 01, 1986"
0.904751367678872,Critical,Benign,no assertion criteria provided,42.26694045174538,1,False,HP,15898,RCV000017244,NM_005143.5(HP):c.214A>G (p.Lys72Glu),"Oct 01, 1983"
0.904751367678872,Critical,Benign,no assertion criteria provided,42.26694045174538,1,False,HP,15898,RCV000017244,NM_005143.5(HP):c.214A>G (p.Lys72Glu),"Oct 01, 1983"
0.9041543968137356,Critical,Pathogenic,no assertion criteria provided,39.507186858316224,1,False,COL1A1,17316,RCV000018857,NM_000088.4(COL1A1):c.787G>A (p.Gly263Arg),"Jul 05, 1986"
0.9041543968137356,Critical,Pathogenic,no assertion criteria provided,39.507186858316224,1,False,COL1A1,17316,RCV000018857,NM_000088.4(COL1A1):c.787G>A (p.Gly263Arg),"Jul 05, 1986"
0.9039159821178298,Critical,Pathogenic,no assertion criteria provided,39.449691991786445,1,False,F9,10567,RCV000011313,NM_000133.4(F9):c.169C>T (p.Gln57Ter),"Jul 26, 1986"
0.9039159821178298,Critical,Pathogenic,no assertion criteria provided,39.449691991786445,1,False,F9,10567,RCV000011313,NM_000133.4(F9):c.169C>T (p.Gln57Ter),"Jul 26, 1986"
0.9039159821178298,Critical,Pathogenic,no assertion criteria provided,39.449691991786445,1,False,F9,10566,RCV000011312,E7D,"Jul 26, 1986"
0.903847766347376,Critical,Pathogenic,no assertion criteria provided,39.43326488706366,1,False,F9,10565,RCV000011311,NM_000133.4(F9):c.138G>Y (p.Arg46Ser),"Aug 01, 1986"
0.903847766347376,Critical,Pathogenic,no assertion criteria provided,39.43326488706366,1,False,F9,10565,RCV000011311,NM_000133.4(F9):c.138G>Y (p.Arg46Ser),"Aug 01, 1986"
0.903847766347376,Critical,Pathogenic,no assertion criteria provided,39.43326488706366,1,False,COL1A1,17301,RCV000018842,NM_000088.4(COL1A1):c.3496G>T (p.Gly1166Cys),"Aug 01, 1986"
0.903847766347376,Critical,Pathogenic,no assertion criteria provided,39.43326488706366,1,False,COL1A1,17301,RCV000018842,NM_000088.4(COL1A1):c.3496G>T (p.Gly1166Cys),"Aug 01, 1986"
0.9036314641496116,Critical,Pathogenic,no assertion criteria provided,39.38124572210815,1,False,SERPINC1,18008,RCV000019624,AT-III Fontainebleu,"Aug 20, 1986"
0.9031517793938412,Critical,Pathogenic,no assertion criteria provided,39.2662559890486,1,False,F9,10625,RCV000011379,NG_007994.1:g.(11652_15340)_(15455_22627)del,"Oct 01, 1986"
0.9024512983304244,Critical,Pathogenic,no assertion criteria provided,39.09924709103354,1,False,HBG1,15031,RCV000016175|RCV001814966,NC_000011.10:g.5250055A>G,"Dec 01, 1986"
0.9024512983304244,Critical,Pathogenic,no assertion criteria provided,39.09924709103354,1,False,HBG1,15031,RCV000016175|RCV001814966,NC_000011.10:g.5250055A>G,"Dec 01, 1986"
0.9020935870991428,Critical,Pathogenic,no assertion criteria provided,39.01437371663244,1,False,HBB,15250,RCV000641506,Hb Little Rock,"Jan 01, 1987"
0.9020935870991428,Critical,Pathogenic,no assertion criteria provided,39.01437371663244,1,False,HBB,15250,RCV000641506,Hb Little Rock,"Jan 01, 1987"
0.9020935870991428,Critical,Pathogenic,no assertion criteria provided,39.01437371663244,1,False,HBB,15290,RCV000016521,NM_000518.5(HBB):c.404T>A (p.Val135Glu),"Jan 01, 1987"
0.9020935870991428,Critical,Pathogenic,no assertion criteria provided,39.01437371663244,1,False,HBB,15290,RCV000016521,NM_000518.5(HBB):c.404T>A (p.Val135Glu),"Jan 01, 1987"
0.901838087086804,Critical,Affects,no assertion criteria provided,34.92950034223135,1,False,GYPC,17724,RCV000019297,NM_016815.4(GYPC):c.50-3609_50-3553del,"Feb 01, 1991"
0.901838087086804,Critical,Affects,no assertion criteria provided,34.92950034223135,1,False,GYPC,17724,RCV000019297,NM_016815.4(GYPC):c.50-3609_50-3553del,"Feb 01, 1991"
0.9017455398764336,Critical,protective,no assertion criteria provided,34.34907597535934,1,False,TOP2A,16772,RCV000018260,NM_001067.4(TOP2A):c.1460G>A (p.Arg487Lys),"Sep 01, 1991"
0.9017455398764336,Critical,protective,no assertion criteria provided,34.34907597535934,1,False,TOP2A,16772,RCV000018260,NM_001067.4(TOP2A):c.1460G>A (p.Arg487Lys),"Sep 01, 1991"
0.9015722481859104,Critical,Pathogenic,no assertion criteria provided,38.8911704312115,1,False,APOE,17852,RCV000019433,NM_000041.4(APOE):c.237-2A>G,"Feb 15, 1987"
0.9015722481859104,Critical,Pathogenic,no assertion criteria provided,38.8911704312115,1,False,APOE,17852,RCV000019433,NM_000041.4(APOE):c.237-2A>G,"Feb 15, 1987"
0.901409550179422,Critical,Pathogenic,no assertion criteria provided,38.85284052019165,1,False,F9,10635,RCV000011381,"F9, EX5-8DEL","Mar 01, 1987"
0.9010484377198302,Critical,Pathogenic,no assertion criteria provided,38.76796714579056,1,False,LDLR,3715,RCV000003913,FH London 2,"Apr 01, 1987"
0.9008022044147688,Critical,Affects,no assertion criteria provided,34.68583162217659,1,False,GYPC,17726,RCV000019300,NM_002101.5(GYPC):c.23A>G (p.Asn8Ser),"May 01, 1991"
0.9008022044147688,Critical,Affects,no assertion criteria provided,34.68583162217659,1,False,GYPC,17726,RCV000019300,NM_002101.5(GYPC):c.23A>G (p.Asn8Ser),"May 01, 1991"
0.9006978534744492,Critical,Pathogenic,no assertion criteria provided,38.68583162217659,1,False,PROC,657,RCV000000691,NM_000312.4(PROC):c.1332G>C (p.Trp444Cys),"May 01, 1987"
0.9006978534744492,Critical,Pathogenic,no assertion criteria provided,38.68583162217659,1,False,PROC,657,RCV000000691,NM_000312.4(PROC):c.1332G>C (p.Trp444Cys),"May 01, 1987"
0.90041659078509,Critical,Pathogenic,no assertion criteria provided,38.620123203285424,1,False,COL1A1,17287,RCV000018828,NM_000088.4(COL1A1):c.1705G>C (p.Gly569Arg),"May 25, 1987"
0.90041659078509,Critical,Pathogenic,no assertion criteria provided,38.620123203285424,1,False,COL1A1,17287,RCV000018828,NM_000088.4(COL1A1):c.1705G>C (p.Gly569Arg),"May 25, 1987"
0.9003344224666561,Critical,Pathogenic,no assertion criteria provided,38.600958247775495,1,False,F8,10093,RCV000010805,NG_011403.2:g.(127859_131491)_(131648_164496)del,"Jun 01, 1987"
0.9003344224666561,Critical,Pathogenic,no assertion criteria provided,38.600958247775495,1,False,F8,10092,RCV000010804,NG_011403.2:g.(131648_164496)_(167293_189971)del,"Jun 01, 1987"
0.9003344224666561,Critical,Pathogenic,no assertion criteria provided,38.600958247775495,1,False,F8,10091,RCV000010803,NG_011403.2:g.(164642_165857)_(167293_189971)del,"Jun 01, 1987"
0.899981589281176,Critical,Pathogenic,no assertion criteria provided,38.51882272416153,1,False,F8,10345,RCV000011058,NG_011403.2:g.(123429_123635)_(125674_126281)del,"Jul 01, 1987"
0.899981589281176,Critical,Pathogenic,no assertion criteria provided,38.51882272416153,1,False,HBA2,15644,RCV000016930,NM_000517.6(HBA2):c.349G>T (p.Glu117Ter),"Jul 01, 1987"
0.899981589281176,Critical,Pathogenic,no assertion criteria provided,38.51882272416153,1,False,HBA2,15644,RCV000016930,NM_000517.6(HBA2):c.349G>T (p.Glu117Ter),"Jul 01, 1987"
0.899981589281176,Critical,Pathogenic,no assertion criteria provided,38.51882272416153,1,False,ALB,18186,RCV001796717,NM_000477.5(ALB):c.71G>C (p.Arg24Pro),"Jul 01, 1987"
0.899981589281176,Critical,Pathogenic,no assertion criteria provided,38.51882272416153,1,False,ALB,18186,RCV001796717,NM_000477.5(ALB):c.71G>C (p.Arg24Pro),"Jul 01, 1987"
0.8993804101978577,Critical,Pathogenic; other,no assertion criteria provided,31.89048596851472,1,False,HBB,15207,RCV000016393|RCV000016392,NM_000518.5(HBB):c.337T>C (p.Cys113Arg),"Feb 15, 1994"
0.8993804101978577,Critical,Pathogenic; other,no assertion criteria provided,31.89048596851472,1,False,HBB,15207,RCV000016393|RCV000016392,NM_000518.5(HBB):c.337T>C (p.Cys113Arg),"Feb 15, 1994"
0.8992488809261119,Critical,Pathogenic,no assertion criteria provided,38.34907597535934,1,False,HBD,15060,RCV000016207,NC_000011.10:g.5226638_5234052del,"Sep 01, 1987"
0.8992488809261119,Critical,Pathogenic,no assertion criteria provided,38.34907597535934,1,False,HBD,15060,RCV000016207,NC_000011.10:g.5226638_5234052del,"Sep 01, 1987"
0.89889263630635,Critical,Pathogenic,no assertion criteria provided,38.26694045174538,1,False,APOA1,17918,RCV000019510|RCV000019509,NC_000011.10:g.116830247_116836307inv,"Oct 01, 1987"
0.89889263630635,Critical,Pathogenic,no assertion criteria provided,38.26694045174538,1,False,APOA1,17918,RCV000019510|RCV000019509,NC_000011.10:g.116830247_116836307inv,"Oct 01, 1987"
0.89889263630635,Critical,Pathogenic,no assertion criteria provided,38.26694045174538,1,False,F9,10638,RCV000011384,NM_000133.4(F9):c.392del (p.Asp131fs),"Oct 01, 1987"
0.89889263630635,Critical,Pathogenic,no assertion criteria provided,38.26694045174538,1,False,F9,10638,RCV000011384,NM_000133.4(F9):c.392del (p.Asp131fs),"Oct 01, 1987"
0.8981648233076851,Critical,Pathogenic,no assertion criteria provided,38.09993155373032,1,False,ALDOA,18177,RCV000019808,NM_001243177.4(ALDOA):c.548A>G (p.Asp183Gly),"Dec 01, 1987"
0.8981648233076851,Critical,Pathogenic,no assertion criteria provided,38.09993155373032,1,False,ALDOA,18177,RCV000019808,NM_001243177.4(ALDOA):c.548A>G (p.Asp183Gly),"Dec 01, 1987"
0.8981648233076851,Critical,Pathogenic,no assertion criteria provided,38.09993155373032,1,False,APOC3,17902,RCV000019491,NM_000040.3(APOC3):c.280A>G (p.Thr94Ala),"Dec 01, 1987"
0.8981648233076851,Critical,Pathogenic,no assertion criteria provided,38.09993155373032,1,False,APOC3,17902,RCV000019491,NM_000040.3(APOC3):c.280A>G (p.Thr94Ala),"Dec 01, 1987"
0.8980570486595031,Critical,Pathogenic,no assertion criteria provided,38.07529089664613,1,False,F8,10128,RCV000010841,NM_000132.4(F8):c.6404G>C (p.Arg2135Pro),"Dec 10, 1987"
0.8980570486595031,Critical,Pathogenic,no assertion criteria provided,38.07529089664613,1,False,F8,10128,RCV000010841,NM_000132.4(F8):c.6404G>C (p.Arg2135Pro),"Dec 10, 1987"
0.8979002310584963,Critical,Affects,no assertion criteria provided,34.01505817932922,1,False,GYPC,17727,RCV000019302,NM_002101.5(GYPC):c.40C>T (p.Leu14Phe),"Jan 01, 1992"
0.8979002310584963,Critical,Affects,no assertion criteria provided,34.01505817932922,1,False,GYPC,17727,RCV000019302,NM_002101.5(GYPC):c.40C>T (p.Leu14Phe),"Jan 01, 1992"
0.8977931737609646,Critical,Pathogenic,no assertion criteria provided,38.01505817932922,1,False,CYP21A2,12161,RCV000012945,"CYP21A2, GENE CONVERSION CYP21 FROM CYP21P","Jan 01, 1988"
0.8974203227799682,Critical,Pathogenic,no assertion criteria provided,37.93018480492813,1,False,F8,10100,RCV000010812,NG_011403.2:g.(5315_28123)_(30752_30752)del,"Feb 01, 1988"
0.8971308370813665,Critical,Pathogenic,no assertion criteria provided,37.86447638603696,1,False,SERPINC1,18013,RCV000019629,AT-III Barcelona,"Feb 25, 1988"
0.8969616366034167,Critical,Pathogenic,no assertion criteria provided,37.82614647501711,1,False,F8,10106,RCV000010818,NM_000132.4:c.3065_3066insL13054_3065dup,"Mar 10, 1988"
0.8966952524414248,Critical,Pathogenic,no assertion criteria provided,37.76591375770021,1,False,F9,10626,RCV000011380,NM_000133.3:.c.(391+1_392-1)insN[?],"Apr 01, 1988"
0.896439431595267,Critical,Affects,no assertion criteria provided,33.68377823408624,1,False,LDHB,14562,RCV000015663,NM_002300.8(LDHB):c.515G>A (p.Arg172His),"May 01, 1992"
0.896439431595267,Critical,Affects,no assertion criteria provided,33.68377823408624,1,False,LDHB,14563,RCV000015664,NM_002300.8(LDHB):c.385A>C (p.Ser129Arg),"May 01, 1992"
0.896439431595267,Critical,Affects,no assertion criteria provided,33.68377823408624,1,False,LDHB,14563,RCV000015664,NM_002300.8(LDHB):c.385A>C (p.Ser129Arg),"May 01, 1992"
0.896439431595267,Critical,Affects,no assertion criteria provided,33.68377823408624,1,False,LDHB,14562,RCV000015663,NM_002300.8(LDHB):c.515G>A (p.Arg172His),"May 01, 1992"
0.8963310194171944,Critical,Pathogenic,no assertion criteria provided,37.68377823408624,1,False,F8,10099,RCV000010811,NM_000132.4(F8):c.872A>G (p.Glu291Gly),"May 01, 1988"
0.8963310194171944,Critical,Pathogenic,no assertion criteria provided,37.68377823408624,1,False,F8,10130,RCV000010843,NG_011403.2:g.(99154_121150)_(123819_125556)del,"May 01, 1988"
0.8963310194171944,Critical,Pathogenic,no assertion criteria provided,37.68377823408624,1,False,F8,10099,RCV000010811,NM_000132.4(F8):c.872A>G (p.Glu291Gly),"May 01, 1988"
0.8962702036115012,Critical,Pathogenic,no assertion criteria provided,37.67008898015058,1,False,INSR,14682,RCV000015796,NM_000208.4(INSR):c.2095C>T (p.Gln699Ter),"May 06, 1988"
0.8962702036115012,Critical,Pathogenic,no assertion criteria provided,37.67008898015058,1,False,INSR,14682,RCV000015796,NM_000208.4(INSR):c.2095C>T (p.Gln699Ter),"May 06, 1988"
0.8959534526489936,Critical,Pathogenic,no assertion criteria provided,37.59890485968515,1,False,HBB,15166,RCV000016337,NM_000518.5(HBB):c.71_73del (p.Val24del),"Jun 01, 1988"
0.8959534526489936,Critical,Pathogenic,no assertion criteria provided,37.59890485968515,1,False,INSR,14684,RCV000015798,NM_000208.4(INSR):c.2286G>T (p.Arg762Ser),"Jun 01, 1988"
0.8959534526489936,Critical,Pathogenic,no assertion criteria provided,37.59890485968515,1,False,INSR,14684,RCV000015798,NM_000208.4(INSR):c.2286G>T (p.Arg762Ser),"Jun 01, 1988"
0.8959534526489936,Critical,Pathogenic,no assertion criteria provided,37.59890485968515,1,False,G6PD,10387,RCV000011118,NM_001360016.2(G6PD):c.680G>T (p.Arg227Leu),"Jun 01, 1988"
0.8959534526489936,Critical,Pathogenic,no assertion criteria provided,37.59890485968515,1,False,G6PD,10387,RCV000011118,NM_001360016.2(G6PD):c.680G>T (p.Arg227Leu),"Jun 01, 1988"
0.8959534526489936,Critical,Pathogenic,no assertion criteria provided,37.59890485968515,1,False,CYP21A2,12160,RCV000012944,"CYP21A2, 30-KB DEL","Jun 01, 1988"
0.8959534526489936,Critical,Pathogenic,no assertion criteria provided,37.59890485968515,1,False,HBB,15166,RCV000016337,NM_000518.5(HBB):c.71_73del (p.Val24del),"Jun 01, 1988"
0.8959046459193907,Critical,Pathogenic,no assertion criteria provided,37.58795345653662,1,False,COL1A2,17244,RCV000018784,"COL1A2, EX26DEL","Jun 05, 1988"
0.8959046459193907,Critical,Pathogenic,no assertion criteria provided,37.58795345653662,1,False,COL1A2,17243,RCV000018783,NM_000089.4(COL1A2):c.1936G>T (p.Gly646Cys),"Jun 05, 1988"
0.8959046459193907,Critical,Pathogenic,no assertion criteria provided,37.58795345653662,1,False,COL1A2,17243,RCV000018783,NM_000089.4(COL1A2):c.1936G>T (p.Gly646Cys),"Jun 05, 1988"
0.8957825405617773,Critical,Pathogenic,no assertion criteria provided,37.5605749486653,1,False,COL1A2,17238,RCV000018778,NM_000089.4(COL1A2):c.2025+334_2565+183del,"Jun 15, 1988"
0.8957825405617773,Critical,Pathogenic,no assertion criteria provided,37.5605749486653,1,False,COL1A2,17238,RCV000018778,NM_000089.4(COL1A2):c.2025+334_2565+183del,"Jun 15, 1988"
0.8955869087268855,Critical,Pathogenic,no assertion criteria provided,37.51676933607119,1,False,COL1A2,17248,RCV000018788,NM_000089.4(COL1A2):c.1612-2A>G,"Jul 01, 1988"
0.8955869087268855,Critical,Pathogenic,no assertion criteria provided,37.51676933607119,1,False,COL1A2,17248,RCV000018788,NM_000089.4(COL1A2):c.1612-2A>G,"Jul 01, 1988"
0.895206948721159,Critical,Pathogenic,no assertion criteria provided,37.43189596167009,1,False,HBB,15425,RCV000016681,NM_000518.5(HBB):c.343_344delinsG (p.Leu115fs),"Aug 01, 1988"
0.895206948721159,Critical,Pathogenic,no assertion criteria provided,37.43189596167009,1,False,HBB,15425,RCV000016681,NM_000518.5(HBB):c.343_344delinsG (p.Leu115fs),"Aug 01, 1988"
0.8949478740679752,Critical,Affects,no assertion criteria provided,33.34976043805612,1,False,ABO,17737,RCV000019311,NM_020469.4(ABO):c.1059delC (p.Pro354Argfs),"Aug 31, 1992"
0.8949478740679752,Critical,Affects,no assertion criteria provided,33.34976043805612,1,False,ABO,17737,RCV000019311,NM_020469.4(ABO):c.1059delC (p.Pro354Argfs),"Aug 31, 1992"
0.8948257684144029,Critical,Pathogenic,no assertion criteria provided,37.347022587269,1,False,F8,10087,RCV000010799,NC_000023.11:g.(?_154835791)_(154837753_154860431)del,"Sep 01, 1988"
0.8946902170404062,Critical,Pathogenic,no assertion criteria provided,37.31690622861054,1,False,APOB,17882,RCV000019471,NM_000384.3(APOB):c.5463del (p.His1822fs),"Sep 12, 1988"
0.8946902170404062,Critical,Pathogenic,no assertion criteria provided,37.31690622861054,1,False,APOB,17882,RCV000019471,NM_000384.3(APOB):c.5463del (p.His1822fs),"Sep 12, 1988"
0.8944557197799183,Critical,Pathogenic,no assertion criteria provided,37.26488706365503,1,False,APOC2,2576,RCV000002687|RCV000002688,NM_000483.5(APOC2):c.270del (p.Asp91fs),"Oct 01, 1988"
0.8944557197799183,Critical,Pathogenic,no assertion criteria provided,37.26488706365503,1,False,APOC2,2576,RCV000002687|RCV000002688,NM_000483.5(APOC2):c.270del (p.Asp91fs),"Oct 01, 1988"
0.8940721302477972,Critical,Pathogenic,no assertion criteria provided,37.18001368925393,1,False,AR,9802,RCV000010476,NG_009014.2:g.(7732_?)del,"Nov 01, 1988"
0.8940721302477972,Critical,Pathogenic,no assertion criteria provided,37.18001368925393,1,False,AR,9803,RCV000010477,"AR, PARTIAL DEL","Nov 01, 1988"
0.8939605355778041,Critical,Pathogenic,no assertion criteria provided,37.15537303216975,1,False,PROC,658,RCV000000692,"PROC, ARG12TRP","Nov 10, 1988"
0.8936997449851305,Critical,Pathogenic,no assertion criteria provided,37.097878165639976,1,False,F8,10133,RCV000010846,NG_011403.2:g.(80027_96047)_(99154_121150)del,"Dec 01, 1988"
0.8936997449851305,Critical,Pathogenic,no assertion criteria provided,37.097878165639976,1,False,F9,10623,RCV000011369,NM_000133.4(F9):c.1307C>T (p.Ala436Val),"Dec 01, 1988"
0.8936997449851305,Critical,Pathogenic,no assertion criteria provided,37.097878165639976,1,False,F9,10623,RCV000011369,NM_000133.4(F9):c.1307C>T (p.Ala436Val),"Dec 01, 1988"
0.8935255707936799,Critical,Pathogenic,no assertion criteria provided,37.059548254620125,1,False,COL1A1,17294,RCV000018835,NM_000088.4(COL1A1):c.2776G>T (p.Gly926Cys),"Dec 15, 1988"
0.8935255707936799,Critical,Pathogenic,no assertion criteria provided,37.059548254620125,1,False,COL1A1,17294,RCV000018835,NM_000088.4(COL1A1):c.2776G>T (p.Gly926Cys),"Dec 15, 1988"
0.8934259298583033,Critical,Pathogenic,no assertion criteria provided,37.03764544832307,1,False,VDR,7745,RCV000008186,NM_000376.3(VDR):c.98G>A (p.Gly33Asp),"Dec 23, 1988"
0.8934259298583033,Critical,Pathogenic,no assertion criteria provided,37.03764544832307,1,False,VDR,7745,RCV000008186,NM_000376.3(VDR):c.98G>A (p.Gly33Asp),"Dec 23, 1988"
0.893313735652006,Critical,Pathogenic,no assertion criteria provided,37.01300479123888,1,False,HBB,15410,RCV000016665,NM_000518.5(HBB):c.383_385del (p.Gln128_Ala129delinsPro),"Jan 01, 1989"
0.893313735652006,Critical,Pathogenic,no assertion criteria provided,37.01300479123888,1,False,HBB,15410,RCV000016665,NM_000518.5(HBB):c.383_385del (p.Gln128_Ala129delinsPro),"Jan 01, 1989"
0.893313735652006,Critical,Pathogenic,no assertion criteria provided,37.01300479123888,1,False,HBB,15251,RCV000016458,NM_000518.5(HBB):c.127T>C (p.Phe43Leu),"Jan 01, 1989"
0.893313735652006,Critical,Pathogenic,no assertion criteria provided,37.01300479123888,1,False,HBB,15251,RCV000016458,NM_000518.5(HBB):c.127T>C (p.Phe43Leu),"Jan 01, 1989"
